{"cameraMode":{"drawMode":0,"name":"Shaded","section":"Shading Mode"},"sceneLighting":true,"audioPlay":false,"sceneViewState":{"showFog":true,"showMaterialUpdate":false,"showSkybox":true,"showFlares":true,"showImageEffects":true,"showParticleSystems":true},"in2DMode":false,"pivot":{"x":-36.13372802734375,"y":553.45849609375,"z":134.09857177734376},"rotation":{"x":0.40405455231666567,"y":0.4187404215335846,"z":-0.21577031910419465,"w":0.7841169834136963},"size":23.297866821289064,"orthographic":true}