{"cameraMode":{"drawMode":0,"name":"Shaded","section":"Shading Mode"},"sceneLighting":true,"audioPlay":false,"sceneViewState":{"showFog":true,"showMaterialUpdate":false,"showSkybox":true,"showFlares":true,"showImageEffects":true,"showParticleSystems":true},"in2DMode":false,"pivot":{"x":-338.74127197265627,"y":374.05133056640627,"z":-684.5894775390625},"rotation":{"x":-0.0031076727900654079,"y":-0.9690122604370117,"z":-0.012212946079671383,"w":0.24670332670211793},"size":857.8169555664063,"orthographic":false}