{"cameraMode":{"drawMode":0,"name":"Shaded","section":"Shading Mode"},"sceneLighting":true,"audioPlay":false,"sceneViewState":{"showFog":false,"showMaterialUpdate":false,"showSkybox":false,"showFlares":false,"showImageEffects":false,"showParticleSystems":false},"in2DMode":false,"pivot":{"x":636.1859741210938,"y":225.54502868652345,"z":89.1650390625},"rotation":{"x":-0.004880621563643217,"y":0.9179660081863403,"z":-0.011300375685095787,"w":-0.39646807312965395},"size":1.2252495288848878,"orthographic":false}