{"cameraMode":{"drawMode":0,"name":"Shaded","section":"Shading Mode"},"sceneLighting":false,"audioPlay":false,"sceneViewState":{"showFog":true,"showMaterialUpdate":false,"showSkybox":false,"showFlares":true,"showImageEffects":true,"showParticleSystems":true},"in2DMode":false,"pivot":{"x":310.9000244140625,"y":1568.0999755859375,"z":0.0},"rotation":{"x":-0.25293606519699099,"y":-0.7468569874763489,"z":0.44496166706085207,"w":-0.4245462417602539},"size":196.01280212402345,"orthographic":false}