{"cameraMode":{"drawMode":0,"name":"Shaded","section":"Shading Mode"},"sceneLighting":false,"audioPlay":false,"sceneViewState":{"showFog":true,"showMaterialUpdate":false,"showSkybox":false,"showFlares":true,"showImageEffects":true,"showParticleSystems":true},"in2DMode":false,"pivot":{"x":-5.567558765411377,"y":-3.775341033935547,"z":-5.753687858581543},"rotation":{"x":-0.006198304705321789,"y":-0.9935398697853088,"z":-0.09085290879011154,"w":0.06777188181877136},"size":3.151167154312134,"orthographic":false}