{"cameraMode":{"drawMode":0,"name":"Shaded","section":"Shading Mode"},"sceneLighting":true,"audioPlay":false,"sceneViewState":{"showFog":true,"showMaterialUpdate":false,"showSkybox":true,"showFlares":true,"showImageEffects":true,"showParticleSystems":true},"in2DMode":false,"pivot":{"x":-0.8148266673088074,"y":-1.575453758239746,"z":0.1784806251525879},"rotation":{"x":-0.11407104879617691,"y":0.7691525816917419,"z":-0.6122614145278931,"w":-0.14330114424228669},"size":430.31689453125,"orthographic":false}