{"cameraMode":{"drawMode":0,"name":"Shaded","section":"Shading Mode"},"sceneLighting":true,"audioPlay":false,"sceneViewState":{"showFog":true,"showMaterialUpdate":false,"showSkybox":true,"showFlares":true,"showImageEffects":true,"showParticleSystems":true},"in2DMode":false,"pivot":{"x":38.599266052246097,"y":346.0257263183594,"z":35.600616455078128},"rotation":{"x":-0.02026963047683239,"y":0.978265106678009,"z":-0.11678225547075272,"w":-0.1701422780752182},"size":6.5433759689331059,"orthographic":true}