{"cameraMode":{"drawMode":0,"name":"Shaded","section":"Shading Mode"},"sceneLighting":false,"audioPlay":false,"sceneViewState":{"showFog":true,"showMaterialUpdate":false,"showSkybox":false,"showFlares":true,"showImageEffects":true,"showParticleSystems":true},"in2DMode":false,"pivot":{"x":-0.041882872581481937,"y":0.049919843673706058,"z":0.1968538612127304},"rotation":{"x":-0.5349860787391663,"y":0.43099743127822878,"z":-0.3682098984718323,"w":-0.6265556812286377},"size":3.352461814880371,"orthographic":false}