{"cameraMode":{"drawMode":0,"name":"Shaded","section":"Shading Mode"},"sceneLighting":true,"audioPlay":false,"sceneViewState":{"showFog":true,"showMaterialUpdate":false,"showSkybox":true,"showFlares":true,"showImageEffects":true,"showParticleSystems":true},"in2DMode":false,"pivot":{"x":-365.01971435546877,"y":-1328.5159912109375,"z":-686.3383178710938},"rotation":{"x":-0.11349740624427796,"y":0.8843830227851868,"z":-0.3529912829399109,"w":-0.2835174798965454},"size":2494.967529296875,"orthographic":false}