{"cameraMode":{"drawMode":0,"name":"Shaded","section":"Shading Mode"},"sceneLighting":false,"audioPlay":false,"sceneViewState":{"showFog":true,"showMaterialUpdate":false,"showSkybox":false,"showFlares":true,"showImageEffects":true,"showParticleSystems":true},"in2DMode":false,"pivot":{"x":0.0020799636840820314,"y":4.842877388000488e-8,"z":1.1175870895385743e-8},"rotation":{"x":-0.461336225271225,"y":0.5371195077896118,"z":-0.4715074300765991,"w":-0.5258052349090576},"size":3.324594020843506,"orthographic":false}