{"cameraMode":{"drawMode":0,"name":"Shaded","section":"Shading Mode"},"sceneLighting":true,"audioPlay":false,"sceneViewState":{"showFog":true,"showMaterialUpdate":false,"showSkybox":true,"showFlares":true,"showImageEffects":true,"showParticleSystems":true},"in2DMode":false,"pivot":{"x":737.505859375,"y":254.15765380859376,"z":185.333984375},"rotation":{"x":-0.13861320912837983,"y":-0.7770501971244812,"z":0.18444845080375672,"w":-0.5856263637542725},"size":280.4390869140625,"orthographic":true}