{"cameraMode":{"drawMode":0,"name":"Shaded","section":"Shading Mode"},"sceneLighting":false,"audioPlay":false,"sceneViewState":{"showFog":true,"showMaterialUpdate":false,"showSkybox":false,"showFlares":true,"showImageEffects":true,"showParticleSystems":true},"in2DMode":false,"pivot":{"x":0.015945911407470704,"y":-0.003741499036550522,"z":-0.006985936313867569},"rotation":{"x":-0.461336225271225,"y":0.5371195077896118,"z":-0.4715074300765991,"w":-0.5258052349090576},"size":3.3729541301727297,"orthographic":false}