{"cameraMode":{"drawMode":0,"name":"Shaded","section":"Shading Mode"},"sceneLighting":false,"audioPlay":false,"sceneViewState":{"showFog":true,"showMaterialUpdate":false,"showSkybox":false,"showFlares":true,"showImageEffects":true,"showParticleSystems":true},"in2DMode":false,"pivot":{"x":0.20960068702697755,"y":0.00012670457363128662,"z":4.470348358154297e-8},"rotation":{"x":-0.461336225271225,"y":0.5371195077896118,"z":-0.4715074300765991,"w":-0.5258052349090576},"size":3.9969680309295656,"orthographic":false}