{"cameraMode":{"drawMode":0,"name":"Shaded","section":"Shading Mode"},"sceneLighting":false,"audioPlay":false,"sceneViewState":{"showFog":true,"showMaterialUpdate":false,"showSkybox":false,"showFlares":true,"showImageEffects":true,"showParticleSystems":true},"in2DMode":false,"pivot":{"x":-0.1764078140258789,"y":3.968667507171631,"z":-0.04970836639404297},"rotation":{"x":0.32381710410118105,"y":0.23426130414009095,"z":-0.08291997760534287,"w":0.9129472970962524},"size":31.019922256469728,"orthographic":false}