{"cameraMode":{"drawMode":0,"name":"Shaded","section":"Shading Mode"},"sceneLighting":true,"audioPlay":false,"sceneViewState":{"showFog":true,"showMaterialUpdate":false,"showSkybox":true,"showFlares":true,"showImageEffects":true,"showParticleSystems":true},"in2DMode":false,"pivot":{"x":163.62100219726563,"y":117.725830078125,"z":733.3259887695313},"rotation":{"x":0.0012525218771770597,"y":0.992917537689209,"z":0.010110325179994107,"w":-0.11886074393987656},"size":3.2843174934387209,"orthographic":false}