{"cameraMode":{"drawMode":0,"name":"Shaded","section":"Shading Mode"},"sceneLighting":false,"audioPlay":false,"sceneViewState":{"showFog":true,"showMaterialUpdate":false,"showSkybox":false,"showFlares":true,"showImageEffects":true,"showParticleSystems":true},"in2DMode":false,"pivot":{"x":21.714723587036134,"y":65.52974700927735,"z":21.344816207885743},"rotation":{"x":0.035127148032188418,"y":0.44310635328292849,"z":-0.017710546031594278,"w":0.8956055045127869},"size":7.223689079284668,"orthographic":false}