{"cameraMode":{"drawMode":0,"name":"Shaded","section":"Shading Mode"},"sceneLighting":false,"audioPlay":false,"sceneViewState":{"showFog":true,"showMaterialUpdate":false,"showSkybox":false,"showFlares":true,"showImageEffects":true,"showParticleSystems":true},"in2DMode":false,"pivot":{"x":-0.02141997218132019,"y":0.0011724084615707398,"z":0.0014443732798099518},"rotation":{"x":-0.461336225271225,"y":0.5371195077896118,"z":-0.4715074300765991,"w":-0.5258052349090576},"size":3.2353696823120119,"orthographic":false}