{"cameraMode":{"drawMode":0,"name":"Shaded","section":"Shading Mode"},"sceneLighting":true,"audioPlay":false,"sceneViewState":{"showFog":true,"showMaterialUpdate":false,"showSkybox":true,"showFlares":true,"showImageEffects":true,"showParticleSystems":true},"in2DMode":false,"pivot":{"x":46.16570281982422,"y":246.60293579101563,"z":684.3515014648438},"rotation":{"x":-0.010007014498114586,"y":0.8983799815177918,"z":-0.02049517259001732,"w":-0.43862849473953249},"size":30.75048828125,"orthographic":false}