{"cameraMode":{"drawMode":0,"name":"Shaded","section":"Shading Mode"},"sceneLighting":true,"audioPlay":false,"sceneViewState":{"showFog":true,"showMaterialUpdate":false,"showSkybox":true,"showFlares":true,"showImageEffects":true,"showParticleSystems":true},"in2DMode":false,"pivot":{"x":-188.34727478027345,"y":-282.09771728515627,"z":-174.01156616210938},"rotation":{"x":-0.14500120282173158,"y":0.854852020740509,"z":-0.36073118448257449,"w":-0.34362155199050906},"size":478.2744140625,"orthographic":false}