{"cameraMode":{"drawMode":0,"name":"Shaded","section":"Shading Mode"},"sceneLighting":true,"audioPlay":false,"sceneViewState":{"showFog":true,"showMaterialUpdate":false,"showSkybox":true,"showFlares":true,"showImageEffects":true,"showParticleSystems":true},"in2DMode":false,"pivot":{"x":890.293701171875,"y":180.29776000976563,"z":-92.73762512207031},"rotation":{"x":0.05065317451953888,"y":0.8713824152946472,"z":-0.09210579097270966,"w":0.4792124032974243},"size":355.0116882324219,"orthographic":false}