{"cameraMode":{"drawMode":0,"name":"Shaded","section":"Shading Mode"},"sceneLighting":true,"audioPlay":false,"sceneViewState":{"showFog":true,"showMaterialUpdate":false,"showSkybox":true,"showFlares":true,"showImageEffects":true,"showParticleSystems":true},"in2DMode":false,"pivot":{"x":-332.881103515625,"y":-1160.61767578125,"z":490.34442138671877},"rotation":{"x":0.33952057361602785,"y":-0.6229584217071533,"z":0.34382107853889468,"w":0.6151713132858276},"size":2707.384765625,"orthographic":false}