{"cameraMode":{"drawMode":0,"name":"Shaded","section":"Shading Mode"},"sceneLighting":true,"audioPlay":false,"sceneViewState":{"showFog":true,"showMaterialUpdate":false,"showSkybox":true,"showFlares":true,"showImageEffects":true,"showParticleSystems":true},"in2DMode":false,"pivot":{"x":143.61065673828126,"y":-178.687744140625,"z":-84.88201904296875},"rotation":{"x":-0.16033174097537995,"y":0.8366743922233582,"z":-0.3296389877796173,"w":-0.4069494307041168},"size":1051.4732666015625,"orthographic":false}