{"cameraMode":{"drawMode":0,"name":"Shaded","section":"Shading Mode"},"sceneLighting":true,"audioPlay":false,"sceneViewState":{"showFog":true,"showMaterialUpdate":false,"showSkybox":true,"showFlares":true,"showImageEffects":true,"showParticleSystems":true},"in2DMode":false,"pivot":{"x":542.7023315429688,"y":23.44745635986328,"z":502.0179138183594},"rotation":{"x":0.032656729221343997,"y":-0.9518863558769226,"z":0.10928916931152344,"w":0.284493088722229},"size":44.87929916381836,"orthographic":false}