{"cameraMode":{"drawMode":0,"name":"Shaded","section":"Shading Mode"},"sceneLighting":false,"audioPlay":false,"sceneViewState":{"showFog":true,"showMaterialUpdate":false,"showSkybox":false,"showFlares":true,"showImageEffects":true,"showParticleSystems":true},"in2DMode":false,"pivot":{"x":0.00037866830825805664,"y":0.7691869735717773,"z":-0.010830670595169068},"rotation":{"x":0.3581432104110718,"y":0.5750892758369446,"z":-0.30845510959625246,"w":0.667731523513794},"size":2.305745840072632,"orthographic":false}