{"cameraMode":{"drawMode":0,"name":"Shaded","section":"Shading Mode"},"sceneLighting":true,"audioPlay":false,"sceneViewState":{"showFog":true,"showMaterialUpdate":false,"showSkybox":true,"showFlares":true,"showImageEffects":true,"showParticleSystems":true},"in2DMode":false,"pivot":{"x":623.224609375,"y":-49.17729949951172,"z":329.18499755859377},"rotation":{"x":-0.03214917704463005,"y":-0.9560311436653137,"z":0.2679995894432068,"w":-0.1146891713142395},"size":157.24977111816407,"orthographic":false}